{
    "loss": 4.46255350112915,
    "accuracy": 0.5086206793785095
}